"expedia_id","site_id","scraped_url"
"22262850","BOOKING","https://www.booking.com/hotel/jp/mimarujing-du-ku-chuan-liu-jiao.en-gb.html?label=gen173nr-1DCAsodUIfbWltYXJ1amluZy1kdS1rdS1jaHVhbi1saXUtamlhb0gJWARoMYgBAZgBCbgBF8gBDNgBA-gBAfgBA4gCAagCA7gCjK7X6gXAAgE;sid=cf726c8566d059f406a55a59afc5463d;checkin=2019-08-29&checkout=2019-09-01&dist=0&group_adults=2&group_children=0&keep_landing=1&sb_price_type=total&type=total&selected_currency=JPY;"
"5250417","BOOKING","https://www.booking.com/hotel/jp/bant-inn-shizuoka.en-gb.html?label=gen173nr-1DCAsodUIRYmFudC1pbm4tc2hpenVva2FICVgEaFCIAQGYAQm4ARfIAQzYAQPoAQH4AQOIAgGoAgO4Auit1-oFwAIB;sid=6756e0f4b112452567736ada0653876f;checkin=2019-08-29&checkout=2019-09-01&dist=0&group_adults=2&group_children=0&keep_landing=1&sb_price_type=total&type=total&selected_currency=JPY;"
"4756871","BOOKING","https://www.booking.com/hotel/jp/floral-inn-namba.en-gb.html?label=gen173nr-1DCAsodUIQZmxvcmFsLWlubi1uYW1iYUgJWARoQogBAZgBCbgBGMgBDNgBA-gBAfgBA4gCAagCBLgCkbbX6gXAAgE;sid=727d3aea607759ae88f2234a25b65ee8;checkin=2019-10-14&checkout=2019-10-19&dist=0&group_adults=2&group_children=0&keep_landing=1&sb_price_type=total&type=total&selected_currency=JPY;"
"4292258","BOOKING","https://www.booking.com/hotel/jp/piena-kobe.en-gb.html?label=gen173nr-1DCAsodUIKcGllbmEta29iZUgJWARoc4gBAZgBCbgBF8gBDNgBA-gBAfgBA4gCAagCA7gCn7vX6gXAAgE;sid=6756e0f4b112452567736ada0653876f;checkin=2019-08-29&checkout=2019-09-01&dist=0&group_adults=2&group_children=0&keep_landing=1&sb_price_type=total&type=total&selected_currency=JPY;"
"12248631","BOOKING","https://www.booking.com/hotel/jp/koto-kyoto.en-gb.html?label=gen173nr-1DCAsodUIKa290by1reW90b0gJWARoUIgBAZgBCbgBF8gBDNgBA-gBAfgBA4gCAagCA7gC-avX6gXAAgE;sid=cf726c8566d059f406a55a59afc5463d;checkin=2019-08-29&checkout=2019-09-01&dist=0&group_adults=2&group_children=0&keep_landing=1&sb_price_type=total&type=total&selected_currency=JPY;"
"24937535","BOOKING_INT","https://www.booking.com/hotel/it/casale-rufo.html?aid=304142&label=gen173nr-1FCAEoggI46AdIM1gEaJUCiAEBmAExuAEXyAEP2AEB6AEB-AECiAIBqAIDuALiyefqBcACAQ&sid=f991225dded86647d95c808fc891ec02&all_sr_blocks=180453410_195078775_2_1_0&checkin=2019-08-22&checkout=2019-08-23&dest_id=-130061&dest_type=city&group_adults=2&group_children=0&hapos=85&highlighted_blocks=180453410_195078775_2_1_0&hpos=20&no_rooms=1&sr_order=popularity&srepoch=1566172412&srpvid=22dca7fe1d4a020f&ucfs=1&from=searchresults ;highlight_room=;spdest=ci/-130061;spdist=#hotelTmpl"
"30230512","BOOKING_INT","https://www.booking.com/hotel/it/le-pleiadi-san-felice-circeo.html?aid=304142&label=gen173nr-1FCAEoggI46AdIM1gEaI0CiAEBmAExuAEXyAEU2AEB6AEB-AECiAIBqAIDuAL1yOfqBcACAQ&sid=98362813cc28c92d7851c9275be2b6f4&all_sr_blocks=188748607_119043619_0_17_0&checkin=2019-08-22&checkout=2019-08-23&dest_id=-130657&dest_type=city&group_adults=2&group_children=0&hapos=44&highlighted_blocks=188748607_119043619_0_17_0&hpos=29&no_rooms=1&sr_order=popularity&srepoch=1566172296&srpvid=a10da7c3ebed0020&ucfs=1&from=searchresults ;highlight_room=;spdest=ci/-130657;spdist=#hotelTmpl"
"13471843","BOOKING_INT","https://www.booking.com/hotel/it/alibrandi-palace.html?aid=304142&label=gen173nr-1FCAEoggI46AdIM1gEaJUCiAEBmAExuAEXyAEP2AEB6AEB-AECiAIBqAIDuAKUyufqBcACAQ&sid=07467fb75c17d57d455e679843416bd9&all_sr_blocks=130051505_200326756_2_0_0&checkin=2019-08-22&checkout=2019-08-23&dest_id=-128527&dest_type=city&group_adults=2&group_children=0&hapos=34&highlighted_blocks=130051505_200326756_2_0_0&hpos=19&no_rooms=1&sr_order=popularity&srepoch=1566172457&srpvid=3458a8143cfa002f&ucfs=1&from=searchresults ;highlight_room=;spdest=ci/-128527;spdist=#hotelTmpl"
"36814025","BOOKING_INT","https://www.booking.com/hotel/it/circemed.html?aid=304142&label=gen173nr-1FCAEoggI46AdIM1gEaI0CiAEBmAExuAEXyAEU2AEB6AEB-AECiAIBqAIDuAL1yOfqBcACAQ&sid=98362813cc28c92d7851c9275be2b6f4&all_sr_blocks=377050801_120451785_2_0_0&checkin=2019-08-22&checkout=2019-08-23&dest_id=-130657&dest_type=city&group_adults=2&group_children=0&hapos=40&highlighted_blocks=377050801_120451785_2_0_0&hpos=25&no_rooms=1&sr_order=popularity&srepoch=1566172296&srpvid=a10da7c3ebed0020&ucfs=1&from=searchresults ;highlight_room=;spdest=ci/-130657;spdist=#hotelTmpl"
"22749730","BOOKING_INT","https://www.booking.com/hotel/it/podere-delle-fanciulle.html?aid=304142&label=gen173nr-1FCAEoggI46AdIM1gEaKYCiAEBmAExuAEYyAEM2AEB6AEB-AECiAIBqAIEuAL7yefqBcACAQ&sid=e9b4bafa561595b5c44a096f7b591a9d&all_sr_blocks=39780404_168590030_0_2_0&checkin=2019-08-25&checkout=2019-08-26&dest_id=-124951&dest_type=city&hapos=16&highlighted_blocks=39780404_168590030_0_2_0&hpos=1&sr_order=popularity&srepoch=1566172426&srpvid=8c51a804caed0095&ucfs=1&from=searchresults ;highlight_room=#hotelTmpl"
"54086","BOOKING_INT","https://www.booking.com/hotel/it/della-baia.html?aid=304142&label=gen173nr-1FCAEoggI46AdIM1gEaJUCiAEBmAExuAEXyAEP2AEB6AEB-AECiAIBqAIDuAKfyefqBcACAQ&sid=94ec417603337491e5366fa41c716642&all_sr_blocks=8410102_88437557_0_42_0&checkin=2019-08-19&checkout=2019-08-20&dest_id=-118131&dest_type=city&group_adults=2&group_children=0&hapos=34&highlighted_blocks=8410102_88437557_0_42_0&hpos=19&no_rooms=1&sr_order=popularity&srepoch=1566172341&srpvid=87a6a7da44c600b4&ucfs=1&from=searchresults ;highlight_room=;spdest=ci/-118131;spdist=#hotelTmpl"
"2692849","BOOKING_INT","https://www.booking.com/hotel/it/grazia.html?aid=304142&label=gen173nr-1FCAEoggI46AdIM1gEaJUCiAEBmAExuAEXyAEP2AEB6AEB-AECiAIBqAIDuALiyefqBcACAQ&sid=f991225dded86647d95c808fc891ec02&all_sr_blocks=1246901_95135910_0_42_0&checkin=2019-08-22&checkout=2019-08-23&dest_id=-130061&dest_type=city&group_adults=2&group_children=0&hapos=2&highlighted_blocks=1246901_95135910_0_42_0&hpos=2&no_rooms=1&sr_order=popularity&srepoch=1566172402&srpvid=dc57a7f8f0c50057&ucfs=1&from=searchresults ;highlight_room=#hotelTmpl"
"36875582","BOOKING_INT","https://www.booking.com/hotel/it/sunset-b-amp-b.html?aid=304142&label=gen173nr-1FCAEoggI46AdIM1gEaJUCiAEBmAExuAEXyAEP2AEB6AEB-AECiAIBqAIDuAKUyufqBcACAQ&sid=07467fb75c17d57d455e679843416bd9&all_sr_blocks=326809102_115089739_2_1_0&checkin=2019-08-22&checkout=2019-08-23&dest_id=-128527&dest_type=city&group_adults=2&group_children=0&hapos=77&highlighted_blocks=326809102_115089739_2_1_0&hpos=12&no_rooms=1&sr_order=popularity&srepoch=1566172465&srpvid=5769a8188ed50240&ucfs=1&from=searchresults ;highlight_room=;spdest=ci/-128527;spdist=#hotelTmpl"
"35648207","BOOKING_INT","https://www.booking.com/hotel/it/b-and-b-appartamenti-lanfora.html?aid=304142&label=gen173nr-1FCAEoggI46AdIM1gEaJUCiAEBmAExuAEXyAEP2AEB6AEB-AECiAIBqAIDuALiyefqBcACAQ&sid=f991225dded86647d95c808fc891ec02&all_sr_blocks=107233606_138523184_2_1_0&checkin=2019-08-22&checkout=2019-08-23&dest_id=-130061&dest_type=city&group_adults=2&group_children=0&hapos=6&highlighted_blocks=107233606_138523184_2_1_0&hpos=6&no_rooms=1&sr_order=popularity&srepoch=1566172402&srpvid=dc57a7f8f0c50057&ucfs=1&from=searchresults ;highlight_room=#hotelTmpl"
"6889297","BOOKING_INT","https://www.booking.com/hotel/it/giulivo-village.html?aid=304142&label=gen173nr-1FCAEoggI46AdIM1gEaJUCiAEBmAExuAEXyAEP2AEB6AEB-AECiAIBqAIDuAKfyefqBcACAQ&sid=94ec417603337491e5366fa41c716642&all_sr_blocks=8679401_88159977_0_33_0&checkin=2019-08-19&checkout=2019-08-20&dest_id=-118131&dest_type=city&group_adults=2&group_children=0&hapos=31&highlighted_blocks=8679401_88159977_0_33_0&hpos=16&no_rooms=1&sr_order=popularity&srepoch=1566172341&srpvid=87a6a7da44c600b4&ucfs=1&from=searchresults ;highlight_room=;spdest=ci/-118131;spdist=#hotelTmpl"
"23927719","BOOKING_INT","https://www.booking.com/hotel/it/grand-helios.html?aid=304142&label=gen173nr-1FCAEoggI46AdIM1gEaJUCiAEBmAExuAEXyAEP2AEB6AEB-AECiAIBqAIDuAKUyufqBcACAQ&sid=07467fb75c17d57d455e679843416bd9&all_sr_blocks=25722005_88164584_0_2_0&checkin=2019-08-22&checkout=2019-08-23&dest_id=-128527&dest_type=city&group_adults=2&group_children=0&hapos=58&highlighted_blocks=25722005_88164584_0_2_0&hpos=43&no_rooms=1&sr_order=popularity&srepoch=1566172457&srpvid=3458a8143cfa002f&ucfs=1&from=searchresults ;highlight_room=;spdest=ci/-128527;spdist=#hotelTmpl"
"6836820","BOOKING_INT","https://www.booking.com/hotel/it/villino-gregoraci.html?aid=304142&label=gen173nr-1FCAEoggI46AdIM1gEaJUCiAEBmAExuAEXyAEP2AEB6AEB-AECiAIBqAIDuAKUyufqBcACAQ&sid=07467fb75c17d57d455e679843416bd9&all_sr_blocks=1467702_95139388_0_1_0&checkin=2019-08-22&checkout=2019-08-23&dest_id=-128527&dest_type=city&group_adults=2&group_children=0&hapos=6&highlighted_blocks=1467702_95139388_0_1_0&hpos=6&no_rooms=1&sr_order=popularity&srepoch=1566172450&srpvid=a33ba811c40b0024&ucfs=1&from=searchresults ;highlight_room=#hotelTmpl"
"2314920","BOOKING_INT","https://www.booking.com/hotel/it/villa-irlanda-grand.html?aid=304142&label=gen173nr-1FCAEoggI46AdIM1gEaJUCiAEBmAExuAEXyAEP2AEB6AEB-AECiAIBqAIDuAKfyefqBcACAQ&sid=94ec417603337491e5366fa41c716642&all_sr_blocks=1285102_129617395_0_41_0&checkin=2019-08-19&checkout=2019-08-20&dest_id=-118131&dest_type=city&group_adults=2&group_children=0&hapos=1&highlighted_blocks=1285102_129617395_0_41_0&hpos=1&no_rooms=1&sr_order=popularity&srepoch=1566172334&srpvid=b257a7d77a1f015e&ucfs=1&from=searchresults ;highlight_room=#hotelTmpl"
"12226107","BOOKING_INT","https://www.booking.com/hotel/it/podere-campofossato.html?label=gen173nr-1FCAEoggI46AdIM1gEaKYCiAEBmAExuAEYyAEM2AEB6AEB-AECiAIBqAIEuAL7yefqBcACAQ&sid=e9b4bafa561595b5c44a096f7b591a9d&all_sr_blocks=69624301_148810414_2_0_0&checkin=2019-08-25&checkout=2019-08-26&dest_id=-124951&dest_type=city&hapos=18&highlighted_blocks=69624301_148810414_2_0_0&hpos=18&sr_order=popularity&srepoch=1566172421&srpvid=1348a80237ce0065&ucfs=1&from=searchresults ;highlight_room=#hotelTmpl"
"35154811","BOOKING_INT","https://www.booking.com/hotel/it/globetrotter-formia.html?aid=304142&label=gen173nr-1FCAEoggI46AdIM1gEaJUCiAEBmAExuAEXyAEP2AEB6AEB-AECiAIBqAIDuALiyefqBcACAQ&sid=f991225dded86647d95c808fc891ec02&all_sr_blocks=181692403_143501447_2_1_0&checkin=2019-08-22&checkout=2019-08-23&dest_id=-130061&dest_type=city&group_adults=2&group_children=0&hapos=73&highlighted_blocks=181692403_143501447_2_1_0&hpos=58&no_rooms=1&sr_order=popularity&srepoch=1566172406&srpvid=ca72a7fbe1e10148&ucfs=1&from=searchresults ;highlight_room=;spdest=ci/-130061;spdist=#hotelTmpl"
"22646899","BOOKING_INT","https://www.booking.com/hotel/it/nena-al-borgo-castello.html?aid=304142&label=gen173nr-1FCAEoggI46AdIM1gEaJUCiAEBmAExuAEXyAEP2AEB6AEB-AECiAIBqAIDuALiyefqBcACAQ&sid=f991225dded86647d95c808fc891ec02&all_sr_blocks=65006610_127967625_0_33_0&checkin=2019-08-22&checkout=2019-08-23&dest_id=-130061&dest_type=city&group_adults=2&group_children=0&hapos=87&highlighted_blocks=65006610_127967625_0_33_0&hpos=22&no_rooms=1&sr_order=popularity&srepoch=1566172412&srpvid=22dca7fe1d4a020f&ucfs=1&from=searchresults ;highlight_room=;spdest=ci/-130061;spdist=#hotelTmpl"
"37163472","BOOKING_INT","https://www.booking.com/hotel/it/b-amp-b-virginia-monte-san-biagio.html?aid=304142&label=gen173nr-1FCAEoggI46AdIM1gEaI0CiAEBmAExuAEXyAEU2AEB6AEB-AECiAIBqAIDuAL1yOfqBcACAQ&sid=98362813cc28c92d7851c9275be2b6f4&all_sr_blocks=392956202_201177062_2_1_0&checkin=2019-08-22&checkout=2019-08-23&dest_id=-130657&dest_type=city&group_adults=2&group_children=0&hapos=36&highlighted_blocks=392956202_201177062_2_1_0&hpos=21&no_rooms=1&sr_order=popularity&srepoch=1566172296&srpvid=a10da7c3ebed0020&ucfs=1&from=searchresults ;highlight_room=;spdest=ci/-130657;spdist=#hotelTmpl"
"37280273","BOOKING_INT","https://www.booking.com/hotel/it/b-amp-b-oasis.html?aid=304142&label=gen173nr-1FCAEoggI46AdIM1gEaJUCiAEBmAExuAEXyAEP2AEB6AEB-AECiAIBqAIDuALiyefqBcACAQ&sid=f991225dded86647d95c808fc891ec02&all_sr_blocks=457320004_180439571_2_1_0&checkin=2019-08-22&checkout=2019-08-23&dest_id=-130061&dest_type=city&group_adults=2&group_children=0&hapos=41&highlighted_blocks=457320004_180439571_2_1_0&hpos=26&no_rooms=1&sr_order=popularity&srepoch=1566172406&srpvid=ca72a7fbe1e10148&ucfs=1&from=searchresults ;highlight_room=;spdest=ci/-130061;spdist=#hotelTmpl"
"22646899","BOOKING_INT","https://www.booking.com/hotel/it/nena-al-borgo-castello.html?aid=304142&label=gen173nr-1FCAEoggI46AdIM1gEaJUCiAEBmAExuAEXyAEP2AEB6AEB-AECiAIBqAIDuAL-yefqBcACAQ&sid=fa110bf7446ca79b5a2bbff15229e002&all_sr_blocks=65006608_127967625_0_33_0&checkin=2019-08-19&checkout=2019-08-20&dest_id=-130061&dest_type=city&group_adults=2&group_children=0&hapos=44&highlighted_blocks=65006608_127967625_0_33_0&hpos=29&no_rooms=1&sr_order=popularity&srepoch=1566172430&srpvid=b9c1a807c4840080&ucfs=1&from=searchresults ;highlight_room=;spdest=ci/-130061;spdist=#hotelTmpl"
"4660667","BOOKING_INT","https://www.booking.com/hotel/it/bw-leone-di-messapia.html?aid=304142&label=gen173nr-1FCAEoggI46AdIM1gEaJUCiAEBmAExuAEXyAEP2AEB6AEB-AECiAIBqAIDuALexufqBcACAQ&sid=b60fd3100851549ef6610f5de5028380&all_sr_blocks=33219518_121853076_2_2_0&checkin=2019-08-22&checkout=2019-08-23&dest_id=907&dest_type=region&hapos=69&highlighted_blocks=33219518_121853076_2_2_0&hpos=54&nflt=class%3D4%3B&sr_order=popularity&srepoch=1566172032&srpvid=3be0a73facc6016e&ucfs=1&from=searchresults ;highlight_room=#hotelTmpl"
"19470714","BOOKING_INT","https://www.booking.com/hotel/it/dolce-vita-sorrento.html?aid=304142&label=gen173nr-1FCAEoggI46AdIM1gEaKYCiAEBmAExuAEYyAEM2AEB6AEB-AECiAIBqAIEuAK7yOfqBcACAQ&sid=9a67503e929455c00b38f36af7f81d7c&all_sr_blocks=32696202_159831903_0_2_0&checkin=2019-08-22&checkout=2019-08-23&dest_id=-110339&dest_type=city&hapos=885&highlighted_blocks=32696202_159831903_0_2_0&hpos=20&sr_order=popularity&srepoch=1566172355&srpvid=8283a7e14fe4021e&ucfs=1&from=searchresults ;highlight_room=;spdest=ci/-110339;spdist=#hotelTmpl"
"33297903","BOOKING_INT","https://www.booking.com/hotel/it/b-amp-b-l-39-ateneo.html?aid=304142&label=gen173nr-1FCAEoggI46AdIM1gEaJUCiAEBmAExuAEXyAEP2AEB6AEB-AECiAIBqAIDuALexufqBcACAQ&sid=b60fd3100851549ef6610f5de5028380&all_sr_blocks=256258510_183989245_2_1_0&checkin=2019-08-22&checkout=2019-08-23&dest_id=907&dest_type=region&hapos=377&highlighted_blocks=256258510_183989245_2_1_0&hpos=12&nflt=class%3D0%3B&sr_order=popularity&srepoch=1566172091&srpvid=e573a75d66730057&ucfs=1&from=searchresults ;highlight_room=#hotelTmpl"
"16584540","BOOKING_INT","https://www.booking.com/hotel/it/relais-santa-caterina.html?aid=304142&label=gen173nr-1FCAEoggI46AdIM1gEaIkCiAEBmAExuAEYyAEO2AEB6AEB-AECiAIBqAIEuAKayefqBcACAQ&sid=6b63a84b2155f0fd348d94b623e184e6&all_sr_blocks=201031207_179869660_0_1_0&checkin=2019-08-25&checkout=2019-08-26&dest_id=-132645&dest_type=city&group_adults=2&group_children=0&hapos=16&highlighted_blocks=201031207_179869660_0_1_0&hpos=1&no_rooms=1&sr_order=popularity&srepoch=1566172332&srpvid=9076a7d5f71c0063&ucfs=1&from=searchresults ;highlight_room=#hotelTmpl"
"2077343","BOOKING_INT","https://www.booking.com/hotel/it/hotel-terranobile.html?aid=304142&label=gen173nr-1FCAEoggI46AdIM1gEaJUCiAEBmAExuAEXyAEP2AEB6AEB-AECiAIBqAIDuALexufqBcACAQ&sid=b60fd3100851549ef6610f5de5028380&all_sr_blocks=8840709_88440314_2_1_0&checkin=2019-08-22&checkout=2019-08-23&dest_id=907&dest_type=region&hapos=73&highlighted_blocks=8840709_88440314_2_1_0&hpos=8&nflt=class%3D4%3B&sr_order=popularity&srepoch=1566172044&srpvid=dcb7a74615230055&ucfs=1&from=searchresults ;highlight_room=;has_campaign_deals_getaway19_customer_label=1#hotelTmpl"
"10659875","BOOKING_INT","https://www.booking.com/hotel/it/miramare-gallipoli.html?aid=304142&label=gen173nr-1FCAEoggI46AdIM1gEaJUCiAEBmAExuAEXyAEP2AEB6AEB-AECiAIBqAIDuALexufqBcACAQ&sid=b60fd3100851549ef6610f5de5028380&all_sr_blocks=1724110_95142001_2_1_0&checkin=2019-08-22&checkout=2019-08-23&dest_id=907&dest_type=region&hapos=28&highlighted_blocks=1724110_95142001_2_1_0&hpos=13&nflt=class%3D3%3B&sr_order=popularity&srepoch=1566172035&srpvid=a157a741b73f00b0&ucfs=1&from=searchresults ;highlight_room=#hotelTmpl"
"17460086","BOOKING_INT","https://www.booking.com/hotel/it/il-marrugio.html?aid=304142&label=gen173nr-1FCAEoggI46AdIM1gEaIkCiAEBmAExuAEYyAEO2AEB6AEB-AECiAIBqAIEuAKayefqBcACAQ&sid=6b63a84b2155f0fd348d94b623e184e6&all_sr_blocks=17638101_88921443_2_2_0&checkin=2019-08-25&checkout=2019-08-26&dest_id=-132645&dest_type=city&group_adults=2&group_children=0&hapos=7&highlighted_blocks=17638101_88921443_2_2_0&hpos=7&no_rooms=1&sr_order=popularity&srepoch=1566172325&srpvid=5243a7d211fa00ef&ucfs=1&from=searchresults ;highlight_room=#hotelTmpl"
"2542135","BOOKING_INT","https://www.booking.com/hotel/it/rondo.html?aid=304142&label=gen173nr-1FCAEoggI46AdIM1gEaKYCiAEBmAExuAEYyAEM2AEB6AEB-AECiAIBqAIEuAKMyefqBcACAQ&sid=53a8beb015616b75d8429653fe9779df&all_sr_blocks=1368802_95137957_0_2_0&checkin=2019-08-22&checkout=2019-08-23&dest_id=-111255&dest_type=city&group_adults=2&group_children=0&hapos=52&highlighted_blocks=1368802_95137957_0_2_0&hpos=37&no_rooms=1&sr_order=popularity&srepoch=1566172315&srpvid=6d52a7cd27cf0105&ucfs=1&from=searchresults ;highlight_room=#hotelTmpl"
"35785112","BOOKING_INT","https://www.booking.com/hotel/it/cantaluna-b-amp-b.html?aid=304142&label=gen173nr-1FCAEoggI46AdIM1gEaKYCiAEBmAExuAEYyAEP2AEB6AEB-AECiAIBqAIEuALDyefqBcACAQ&sid=9ef9303a0e8cec816abd30837ed2c3cc&all_sr_blocks=109220701_200118882_2_2_0&checkin=2019-08-22&checkout=2019-08-23&dest_id=-122100&dest_type=city&hapos=104&highlighted_blocks=109220701_200118882_2_2_0&hpos=39&sr_order=popularity&srepoch=1566172374&srpvid=3a9ba7eb36a70019&ucfs=1&from=searchresults ;highlight_room=;spdest=ci/-122100;spdist=#hotelTmpl"
"6140873","BOOKING_INT","https://www.booking.com/hotel/it/residenze-temporanee-villa-meli-lupi.html?aid=304142&label=gen173nr-1FCAEoggI46AdIM1gEaJUCiAEBmAExuAEXyAEP2AEB6AEB-AECiAIBqAIDuALfyOfqBcACAQ&sid=876db761fd9b1cbeaadf035b07da31ed&all_sr_blocks=56389905_88467237_0_0_0&checkin=2019-08-20&checkout=2019-08-21&dest_id=-111589&dest_type=city&hapos=74&highlighted_blocks=56389905_88467237_0_0_0&hpos=9&sr_order=popularity&srepoch=1566172281&srpvid=726ca7bcdbaa00c3&ucfs=1&bhgwe_cep=1&from=searchresults ;highlight_room=;spdest=ci/-111589;spdist=#hotelTmpl"
"13405512","BOOKING_INT","https://www.booking.com/hotel/it/villafiorella.html?aid=304142&label=gen173nr-1FCAEoggI46AdIM1gEaKYCiAEBmAExuAEYyAEM2AEB6AEB-AECiAIBqAIEuAK0xefqBcACAQ&sid=3a16b714101880fbac78c61603d721bd&all_sr_blocks=8050704_122795390_0_1_0&checkin=2019-08-21&checkout=2019-08-22&dest_id=-110339&dest_type=city&hapos=834&highlighted_blocks=8050704_122795390_0_1_0&hpos=19&sr_order=popularity&srepoch=1566171945&srpvid=8e30a7142a39008e&ucfs=1&from=searchresults ;highlight_room=;spdest=ci/-110339;spdist=;has_campaign_deals_getaway19_customer_label=1#hotelTmpl"
"863293","BOOKING_INT","https://www.booking.com/hotel/it/sierra-silvana.html?aid=304142&label=gen173nr-1FCAEoggI46AdIM1gEaJUCiAEBmAExuAEXyAEP2AEB6AEB-AECiAIBqAIDuALexufqBcACAQ&sid=b60fd3100851549ef6610f5de5028380&all_sr_blocks=8404304_88437503_0_1_0&checkin=2019-08-22&checkout=2019-08-23&dest_id=907&dest_type=region&hapos=72&highlighted_blocks=8404304_88437503_0_1_0&hpos=7&nflt=class%3D4%3B&sr_order=popularity&srepoch=1566172044&srpvid=dcb7a74615230055&ucfs=1&from=searchresults ;highlight_room=#hotelTmpl"
"26957744","BOOKING_INT","https://www.booking.com/hotel/it/dimora-talenti-polignano-a-mare.html?aid=304142&label=gen173nr-1FCAEoggI46AdIM1gEaJUCiAEBmAExuAEXyAEP2AEB6AEB-AECiAIBqAIDuALexufqBcACAQ&sid=b60fd3100851549ef6610f5de5028380&all_sr_blocks=366827904_119320264_0_1_0&checkin=2019-08-22&checkout=2019-08-23&dest_id=907&dest_type=region&hapos=37&highlighted_blocks=366827904_119320264_0_1_0&hpos=22&nflt=class%3D0%3B&sr_order=popularity&srepoch=1566172029&srpvid=4ddaa73e07950305&ucfs=1&from=searchresults ;highlight_room=#hotelTmpl"
"27541317","BOOKING_INT","https://www.booking.com/hotel/it/podere-calvi-parisetti.html?aid=304142&label=gen173nr-1FCAEoggI46AdIM1gEaJUCiAEBmAExuAEXyAEP2AEB6AEB-AECiAIBqAIDuALfyOfqBcACAQ&sid=876db761fd9b1cbeaadf035b07da31ed&all_sr_blocks=317866501_114002768_2_1_0&checkin=2019-08-20&checkout=2019-08-21&dest_id=-111589&dest_type=city&hapos=137&highlighted_blocks=317866501_114002768_2_1_0&hpos=22&sr_order=popularity&srepoch=1566172290&srpvid=d7e6a7c1ab65010f&ucfs=1&from=searchresults ;highlight_room=;spdest=ci/-111589;spdist=#hotelTmpl"
"22263339","BOOKING_INT","https://www.booking.com/hotel/it/silver-matino.html?aid=304142&label=gen173nr-1FCAEoggI46AdIM1gEaJUCiAEBmAExuAEXyAEP2AEB6AEB-AECiAIBqAIDuALexufqBcACAQ&sid=b60fd3100851549ef6610f5de5028380&all_sr_blocks=27857203_199475123_0_1_0&checkin=2019-08-22&checkout=2019-08-23&dest_id=907&dest_type=region&hapos=118&highlighted_blocks=27857203_199475123_0_1_0&hpos=53&nflt=class%3D3%3B&sr_order=popularity&srepoch=1566172048&srpvid=f06aa747da800172&ucfs=1&from=searchresults ;highlight_room=#hotelTmpl"
"1467073","BOOKING_INT","https://www.booking.com/hotel/it/raito.html?aid=304142&label=gen173nr-1FCAEoggI46AdIM1gEaI0CiAEBmAExuAEXyAEU2AEB6AEB-AECiAIBqAIDuAKTx-fqBcACAQ&sid=cb25f4d5df8721aed36e3bc3cc2042f0&all_sr_blocks=8388941_88437373_2_41_0&checkin=2019-08-21&checkout=2019-08-22&dest_id=1681&dest_type=region&group_adults=2&group_children=0&hapos=30&highlighted_blocks=8388941_88437373_2_41_0&hpos=15&no_rooms=1&sr_order=popularity&srepoch=1566172071&srpvid=fc77a75382d7002b&ucfs=1&from=searchresults ;highlight_room=;has_campaign_deals_getaway19_customer_label=1#hotelTmpl"
"4761754","BOOKING_INT","https://www.booking.com/hotel/it/valentino-srl.html?aid=304142&label=gen173nr-1FCAEoggI46AdIM1gEaJUCiAEBmAExuAEXyAEP2AEB6AEB-AECiAIBqAIDuALexufqBcACAQ&sid=b60fd3100851549ef6610f5de5028380&all_sr_blocks=23780101_190231570_0_1_0&checkin=2019-08-22&checkout=2019-08-23&dest_id=907&dest_type=region&hapos=494&highlighted_blocks=23780101_190231570_0_1_0&hpos=29&nflt=class%3D0%3B&sr_order=popularity&srepoch=1566172106&srpvid=e266a76531dd0042&ucfs=1&from=searchresults ;highlight_room=#hotelTmpl"
"38976876","BOOKING_INT","https://www.booking.com/hotel/it/campanili-di-puglia-b-amp-b.html?aid=304142&label=gen173nr-1FCAEoggI46AdIM1gEaJUCiAEBmAExuAEXyAEP2AEB6AEB-AECiAIBqAIDuALexufqBcACAQ&sid=b60fd3100851549ef6610f5de5028380&all_sr_blocks=511538802_176368206_2_2_0&checkin=2019-08-22&checkout=2019-08-23&dest_id=907&dest_type=region&hapos=870&highlighted_blocks=511538802_176368206_2_2_0&hpos=5&nflt=class%3D0%3B&sr_order=popularity&srepoch=1566172154&srpvid=9ea2a77d567a00a8&ucfs=1&from=searchresults ;highlight_room=#hotelTmpl"
"33312371","BOOKING_INT","https://www.booking.com/hotel/it/edera-e-camelie.html?aid=304142&label=gen173nr-1FCAEoggI46AdIM1gEaKYCiAEBmAExuAEYyAEM2AEB6AEB-AECiAIBqAIEuAK0xefqBcACAQ&sid=3a16b714101880fbac78c61603d721bd&all_sr_blocks=436689302_130876888_2_1_0&checkin=2019-08-21&checkout=2019-08-22&dest_id=-110339&dest_type=city&hapos=493&highlighted_blocks=436689302_130876888_2_1_0&hpos=28&sr_order=popularity&srepoch=1566171901&srpvid=0ca7a6fe34f6004a&ucfs=1&from=searchresults ;highlight_room=;spdest=ci/-110339;spdist=#hotelTmpl"
"9532706","BOOKING_INT","https://www.booking.com/hotel/it/affittacamere-gozzante.html?aid=304142&label=gen173nr-1FCAEoggI46AdIM1gEaJUCiAEBmAExuAEXyAEM2AEB6AEB-AECiAIBqAIDuAL_yefqBcACAQ&sid=8510a98c19b5b83d882122e9e24b163e&all_sr_blocks=105419503_89878499_3_0_0&checkin=2019-08-20&checkout=2019-08-21&dest_id=-122142&dest_type=city&hapos=105&highlighted_blocks=105419503_89878499_3_0_0&hpos=40&sr_order=popularity&srepoch=1566172441&srpvid=8046a80cb1ed00b2&ucfs=1&from=searchresults ;highlight_room=;spdest=ci/-122142;spdist=#hotelTmpl"
"9781061","AIRBNB","https://www.airbnb.co.uk/rooms/14282886?guests=2&check_in=2019-11-13&check_out=2019-11-20&_set_bev_on_new_domain=1566172391_YjQ3N2RhY2E0NjA2"
"37793395","BOOKING_INT","https://www.booking.com/hotel/it/cortile-calinea.html?aid=304142&label=gen173nr-1FCAEoggI46AdIM1gEaJUCiAEBmAExuAEXyAEP2AEB6AEB-AECiAIBqAIDuALexufqBcACAQ&sid=b60fd3100851549ef6610f5de5028380&all_sr_blocks=380292302_121336980_2_1_0&checkin=2019-08-22&checkout=2019-08-23&dest_id=907&dest_type=region&hapos=894&highlighted_blocks=380292302_121336980_2_1_0&hpos=29&nflt=class%3D0%3B&sr_order=popularity&srepoch=1566172154&srpvid=9ea2a77d567a00a8&ucfs=1&from=searchresults ;highlight_room=#hotelTmpl"
"23331732","BOOKING_AVAIL","https://www.booking.com/hotel/it/nuovo-diana.html?label=gen173nr-1FCAEoggI46AdIM1gEaDuIAQGYATG4ARjIARTYAQHoAQH4AQKIAgGoAgS4AufH5-oFwAIB&sid=7914c434f2635ff18637b2f2bcd02925&all_sr_blocks=49318701_88465029_0_2_0&checkin=2019-08-23&checkout=2019-08-24&dest_id=-129467&dest_type=city&group_adults=2&group_children=0&hapos=1&highlighted_blocks=49318701_88465029_0_2_0&hpos=1&no_rooms=1&sr_order=popularity&srepoch=1566172147&srpvid=fb0da779131a01a2&ucfs=1&from=searchresults ;highlight_room=#hotelTmpl"
"31477775","BOOKING_INT","https://www.booking.com/hotel/it/269-suites-sorrento.html?aid=304142&label=gen173nr-1FCAEoggI46AdIM1gEaKYCiAEBmAExuAEYyAEM2AEB6AEB-AECiAIBqAIEuAK7yOfqBcACAQ&sid=9a67503e929455c00b38f36af7f81d7c&all_sr_blocks=186984104_108076599_2_0_0&checkin=2019-08-22&checkout=2019-08-23&dest_id=-110339&dest_type=city&hapos=805&highlighted_blocks=186984104_108076599_2_0_0&hpos=40&sr_order=popularity&srepoch=1566172342&srpvid=d645a7da91f0004e&ucfs=1&bhgwe_cep=1&from=searchresults ;highlight_room=;spdest=ci/-110339;spdist=#hotelTmpl"
"23069674","BOOKING_INT","https://www.booking.com/hotel/it/corte-dei-nobili.html?aid=304142&label=gen173nr-1FCAEoggI46AdIM1gEaKYCiAEBmAExuAEYyAEP2AEB6AEB-AECiAIBqAIEuALDyefqBcACAQ&sid=9ef9303a0e8cec816abd30837ed2c3cc&all_sr_blocks=146799803_200445858_2_1_0&checkin=2019-08-22&checkout=2019-08-23&dest_id=-122100&dest_type=city&hapos=161&highlighted_blocks=146799803_200445858_2_1_0&hpos=46&sr_order=popularity&srepoch=1566172381&srpvid=9384a7eef1ab0094&ucfs=1&from=searchresults ;highlight_room=;spdest=ci/-122100;spdist=#hotelTmpl"
"23654243","BOOKING_INT","https://www.booking.com/hotel/it/un-39-altalena-sul-mare.html?aid=304142&label=gen173nr-1FCAEoggI46AdIM1gEaJUCiAEBmAExuAEXyAEP2AEB6AEB-AECiAIBqAIDuALexufqBcACAQ&sid=b60fd3100851549ef6610f5de5028380&all_sr_blocks=313976601_153060563_4_0_0&checkin=2019-08-22&checkout=2019-08-23&dest_id=907&dest_type=region&hapos=6&highlighted_blocks=313976601_153060563_4_0_0&hpos=6&nflt=class%3D3%3B&sr_order=popularity&srepoch=1566172020&srpvid=f81fa73a0e0300b8&ucfs=1&bhgwe_cep=1&from=searchresults ;highlight_room=#hotelTmpl"
"4796563","BOOKING_INT","https://www.booking.com/hotel/it/antica-rudiae.html?aid=304142&label=gen173nr-1FCAEoggI46AdIM1gEaJUCiAEBmAExuAEXyAEP2AEB6AEB-AECiAIBqAIDuALexufqBcACAQ&sid=b60fd3100851549ef6610f5de5028380&all_sr_blocks=34999001_120836826_0_1_0&checkin=2019-08-22&checkout=2019-08-23&dest_id=907&dest_type=region&hapos=223&highlighted_blocks=34999001_120836826_0_1_0&hpos=8&nflt=class%3D3%3B&sr_order=popularity&srepoch=1566172073&srpvid=dda5a7541ae200eb&ucfs=1&from=searchresults ;highlight_room=#hotelTmpl"
"13148040","AIRBNB","https://www.airbnb.com/rooms/5007650?&guests=2&check_in=2019-11-13&check_out=2019-11-20"
"11925245","BOOKING_INT","https://www.booking.com/hotel/it/la-torre-del-cestello.html?aid=304142&label=gen173nr-1FCAEoggI46AdIM1gEaKYCiAEBmAExuAEYyAEP2AEB6AEB-AECiAIBqAIEuAK0x-fqBcACAQ&sid=b2c9fca97b86009094cb3bd45b96557d&all_sr_blocks=137656901_86577908_2_0_0&checkin=2019-08-20&checkout=2019-08-21&dest_id=-118879&dest_type=city&group_adults=2&group_children=0&hapos=400&highlighted_blocks=137656901_86577908_2_0_0&hpos=35&no_rooms=1&sr_order=popularity&srepoch=1566172151&srpvid=fe4aa77bf71901d3&ucfs=1&from=searchresults ;highlight_room=;spdest=ci/-118879;spdist=#hotelTmpl"
"18737694","BOOKING_INT","https://www.booking.com/hotel/it/domus-salento-suite-amp-apartments.html?aid=304142&label=gen173nr-1FCAEoggI46AdIM1gEaJUCiAEBmAExuAEXyAEP2AEB6AEB-AECiAIBqAIDuALexufqBcACAQ&sid=b60fd3100851549ef6610f5de5028380&all_sr_blocks=203201201_122618885_2_42_0&checkin=2019-08-22&checkout=2019-08-23&dest_id=907&dest_type=region&hapos=770&highlighted_blocks=203201201_122618885_2_42_0&hpos=5&nflt=class%3D0%3B&sr_order=popularity&srepoch=1566172143&srpvid=f8cea777099f0202&ucfs=1&from=searchresults ;highlight_room=#hotelTmpl"
"33458274","BOOKING_AVAIL","https://www.booking.com/hotel/it/agriturismo-le-capannacce-urbania.html?aid=304142&label=gen173nr-1FCAEoggI46AdIM1gEaDuIAQGYATG4ARjIAQzYAQHoAQH4AQKIAgGoAgS4Aq_C5-oFwAIB&sid=73d9e2cedb367e6631f0f0f85b829818&all_sr_blocks=425427306_128734214_2_0_0&checkin=2019-08-22&checkout=2019-08-23&dest_id=905&dest_type=region&hapos=321&highlighted_blocks=425427306_128734214_2_0_0&hpos=56&sr_order=popularity&srepoch=1566171515&srpvid=12a8a63d98020183&ucfs=1&from=searchresults ;highlight_room=#hotelTmpl"
"5129704","BOOKING_INT","https://www.booking.com/hotel/it/residence-villa-yiara.html?aid=304142&label=gen173nr-1FCAEoggI46AdIM1gEaKYCiAEBmAExuAEYyAEO2AEB6AEB-AECiAIBqAIEuALkx-fqBcACAQ&sid=66e3fe63f89bc524bbabc62deded6b0e&all_sr_blocks=41247710_156411441_2_1_0&checkin=2019-08-22&checkout=2019-08-23&dest_id=1681&dest_type=region&group_adults=2&group_children=0&hapos=19&highlighted_blocks=41247710_156411441_2_1_0&hpos=4&no_rooms=1&sr_order=popularity&srepoch=1566172154&srpvid=990fa77d82270043&ucfs=1&from=searchresults ;highlight_room=#hotelTmpl"
"22279175","BOOKING_INT","https://www.booking.com/hotel/it/villa-fiore-bed.html?aid=304142&label=gen173nr-1FCAEoggI46AdIM1gEaJUCiAEBmAExuAEXyAEP2AEB6AEB-AECiAIBqAIDuALexufqBcACAQ&sid=b60fd3100851549ef6610f5de5028380&all_sr_blocks=34518901_91923281_0_1_0&checkin=2019-08-22&checkout=2019-08-23&dest_id=907&dest_type=region&hapos=698&highlighted_blocks=34518901_91923281_0_1_0&hpos=33&nflt=class%3D0%3B&sr_order=popularity&srepoch=1566172131&srpvid=7e60a771fbde008e&ucfs=1&from=searchresults ;highlight_room=#hotelTmpl"
"14589679","BOOKING_AVAIL","https://www.booking.com/hotel/it/palazzo-meraviglia.html?aid=304142&label=gen173nr-1FCAEoggI46AdIM1gEaDuIAQGYATG4ARjIAQzYAQHoAQH4AQKIAgGoAgS4AsLF5-oFwAIB&sid=4e8e0d6f27e56c454e79b6c23ab9b19f&all_sr_blocks=168529206_89759472_0_0_0&checkin=2019-08-23&checkout=2019-08-24&dest_id=905&dest_type=region&hapos=607&highlighted_blocks=168529206_89759472_0_0_0&hpos=42&sr_order=popularity&srepoch=1566171973&srpvid=3b4ea722b5cd007c&ucfs=1&from=searchresults ;highlight_room=#hotelTmpl"
"83466","BOOKING_INT","https://www.booking.com/hotel/it/patria-palace.html?aid=304142&label=gen173nr-1FCAEoggI46AdIM1gEaJUCiAEBmAExuAEXyAEP2AEB6AEB-AECiAIBqAIDuALexufqBcACAQ&sid=b60fd3100851549ef6610f5de5028380&all_sr_blocks=1274608_95136356_0_41_0&checkin=2019-08-22&checkout=2019-08-23&dest_id=907&dest_type=region&hapos=7&highlighted_blocks=1274608_95136356_0_41_0&hpos=7&nflt=class%3D5%3B&sr_order=popularity&srepoch=1566172023&srpvid=672ca73ba72e008e&ucfs=1&from=searchresults ;highlight_room=#hotelTmpl"
"9596179","AIRBNB","https://www.airbnb.com/rooms/29664759?&guests=2&check_in=2019-11-13&check_out=2019-11-20"
"1580322","BOOKING_INT","https://www.booking.com/hotel/it/executive-bari.html?aid=304142&label=gen173nr-1FCAEoggI46AdIM1gEaJUCiAEBmAExuAEXyAEP2AEB6AEB-AECiAIBqAIDuALexufqBcACAQ&sid=b60fd3100851549ef6610f5de5028380&all_sr_blocks=4867209_88434122_2_2_0&checkin=2019-08-22&checkout=2019-08-23&dest_id=907&dest_type=region&hapos=42&highlighted_blocks=4867209_88434122_2_2_0&hpos=27&nflt=class%3D3%3B&sr_order=popularity&srepoch=1566172035&srpvid=a157a741b73f00b0&ucfs=1&from=searchresults ;highlight_room=#hotelTmpl"
"35577228","BOOKING_INT","https://www.booking.com/hotel/it/costa-blu-agerola.html?aid=304142&label=gen173nr-1FCAEoggI46AdIM1gEaI0CiAEBmAExuAEXyAEU2AEB6AEB-AECiAIBqAIDuAKTx-fqBcACAQ&sid=cb25f4d5df8721aed36e3bc3cc2042f0&all_sr_blocks=474939304_152917210_2_1_0&checkin=2019-08-21&checkout=2019-08-22&dest_id=1681&dest_type=region&group_adults=2&group_children=0&hapos=119&highlighted_blocks=474939304_152917210_2_1_0&hpos=54&no_rooms=1&sr_order=popularity&srepoch=1566172079&srpvid=8e73a757fede00fb&ucfs=1&from=searchresults ;highlight_room=#hotelTmpl"
"19900981","BOOKING_AVAIL","https://www.booking.com/hotel/it/atlantic-senigallia.html?aid=304142&label=gen173nr-1FCAEoggI46AdIM1gEaDuIAQGYATG4ARjIARTYAQHoAQH4AQKIAgGoAgS4AufH5-oFwAIB&sid=7914c434f2635ff18637b2f2bcd02925&all_sr_blocks=41682415_165545895_2_42_0&checkin=2019-08-23&checkout=2019-08-24&dest_id=-129467&dest_type=city&group_adults=2&group_children=0&hapos=27&highlighted_blocks=41682415_165545895_2_42_0&hpos=12&no_rooms=1&sr_order=popularity&srepoch=1566172156&srpvid=9cf0a77d81fd02bc&ucfs=1&from=searchresults ;highlight_room=#hotelTmpl"
"23183826","BOOKING_AVAIL","https://www.booking.com/hotel/it/albergo-italia-ancona.html?aid=304142&label=gen173nr-1FCAEoggI46AdIM1gEaDuIAQGYATG4ARjIAQzYAQHoAQH4AQKIAgGoAgS4AsLF5-oFwAIB&sid=4e8e0d6f27e56c454e79b6c23ab9b19f&all_sr_blocks=49776502_94377481_0_2_0&checkin=2019-08-23&checkout=2019-08-24&dest_id=905&dest_type=region&hapos=328&highlighted_blocks=49776502_94377481_0_2_0&hpos=13&sr_order=popularity&srepoch=1566171924&srpvid=df1fa70a513b002f&ucfs=1&from=searchresults ;highlight_room=#hotelTmpl"
"12568379","BOOKING_INT","https://www.booking.com/hotel/it/masseria-ancella.html?aid=304142&label=gen173nr-1FCAEoggI46AdIM1gEaJUCiAEBmAExuAEXyAEP2AEB6AEB-AECiAIBqAIDuALexufqBcACAQ&sid=b60fd3100851549ef6610f5de5028380&all_sr_blocks=55552901_200179002_0_41_0&checkin=2019-08-22&checkout=2019-08-23&dest_id=907&dest_type=region&hapos=258&highlighted_blocks=55552901_200179002_0_41_0&hpos=43&nflt=class%3D0%3B&sr_order=popularity&srepoch=1566172070&srpvid=5243a75226190028&ucfs=1&from=searchresults ;highlight_room=#hotelTmpl"
"2530028","BOOKING_INT","https://www.booking.com/hotel/it/villa-principe-giovanni.html?aid=304142&label=gen173nr-1FCAEoggI46AdIM1gEaKYCiAEBmAExuAEYyAEO2AEB6AEB-AECiAIBqAIEuALkx-fqBcACAQ&sid=66e3fe63f89bc524bbabc62deded6b0e&all_sr_blocks=8913201_91907966_0_1_0&checkin=2019-08-22&checkout=2019-08-23&dest_id=1681&dest_type=region&group_adults=2&group_children=0&hapos=216&highlighted_blocks=8913201_91907966_0_1_0&hpos=51&no_rooms=1&sr_order=popularity&srepoch=1566172174&srpvid=3efca786dbab002a&ucfs=1&from=searchresults ;highlight_room=#hotelTmpl"
"38803931","BOOKING_AVAIL","https://www.booking.com/hotel/it/villa-corallo-sant-39-omero.html?aid=304142&label=gen173nr-1FCAEoggI46AdIM1gEaDuIAQGYATG4ARjIAQ_YAQHoAQH4AQKIAgGoAgS4As3I5-oFwAIB&sid=93c43e5e17856b37678aef5f0231b594&all_sr_blocks=538141103_199472928_2_1_0&checkin=2019-08-23&checkout=2019-08-24&dest_id=-127284&dest_type=city&group_adults=2&group_children=0&hapos=81&highlighted_blocks=538141103_199472928_2_1_0&hpos=16&no_rooms=1&sr_order=popularity&srepoch=1566172268&srpvid=5984a7b536b20274&ucfs=1&from=searchresults ;highlight_room=;spdest=ci/-127284;spdist=#hotelTmpl"
"919872","BOOKING_INT","https://www.booking.com/hotel/it/la-residenza-sorrento.html?aid=304142&label=gen173nr-1FCAEoggI46AdIM1gEaKYCiAEBmAExuAEYyAEM2AEB6AEB-AECiAIBqAIEuAK0xefqBcACAQ&sid=3a16b714101880fbac78c61603d721bd&all_sr_blocks=8308509_88436542_0_1_0&checkin=2019-08-21&checkout=2019-08-22&dest_id=-110339&dest_type=city&hapos=684&highlighted_blocks=8308509_88436542_0_1_0&hpos=19&sr_order=popularity&srepoch=1566171927&srpvid=302da70bc07e002f&ucfs=1&from=searchresults ;highlight_room=;spdest=ci/-110339;spdist=#hotelTmpl"
"13495656","BOOKING_INT","https://www.booking.com/hotel/it/b-amp-b-via-gallipoli.html?aid=304142&label=gen173nr-1FCAEoggI46AdIM1gEaJUCiAEBmAExuAEXyAEP2AEB6AEB-AECiAIBqAIDuALexufqBcACAQ&sid=b60fd3100851549ef6610f5de5028380&all_sr_blocks=45160801_88463517_0_1_0&checkin=2019-08-22&checkout=2019-08-23&dest_id=907&dest_type=region&hapos=69&highlighted_blocks=45160801_88463517_0_1_0&hpos=4&nflt=class%3D0%3B&sr_order=popularity&srepoch=1566172041&srpvid=883da744a0ed0092&ucfs=1&from=searchresults ;highlight_room=#hotelTmpl"
"23061145","BOOKING_INT","https://www.booking.com/hotel/it/le-dimore-baia-verde-b-amp-b.html?aid=304142&label=gen173nr-1FCAEoggI46AdIM1gEaJUCiAEBmAExuAEXyAEP2AEB6AEB-AECiAIBqAIDuALexufqBcACAQ&sid=b60fd3100851549ef6610f5de5028380&all_sr_blocks=108249326_84529082_3_1_0&checkin=2019-08-22&checkout=2019-08-23&dest_id=907&dest_type=region&hapos=470&highlighted_blocks=108249326_84529082_3_1_0&hpos=55&nflt=class%3D0%3B&sr_order=popularity&srepoch=1566172100&srpvid=9076a762eba2005c&ucfs=1&from=searchresults ;highlight_room=#hotelTmpl"
"36971184","BOOKING_AVAIL","https://www.booking.com/hotel/it/dependance-bolivar.html?label=gen173nr-1FCAEoggI46AdIM1gEaDuIAQGYATG4ARjIAQ_YAQHoAQH4AQKIAgGoAgS4As3I5-oFwAIB&sid=93c43e5e17856b37678aef5f0231b594&all_sr_blocks=112084102_84211950_2_2_0&checkin=2019-08-23&checkout=2019-08-24&dest_id=-127284&dest_type=city&group_adults=2&group_children=0&hapos=8&highlighted_blocks=112084102_84211950_2_2_0&hpos=8&no_rooms=1&sr_order=popularity&srepoch=1566172249&srpvid=2943a7ac9d780127&ucfs=1&from=searchresults ;highlight_room=#hotelTmpl"
"23015684","BOOKING_INT","https://www.booking.com/hotel/it/bed-and-breakfast-ellera-viterbo.html?label=gen173nr-1FCAEoggI46AdIM1gEaJUCiAEBmAExuAEXyAEM2AEB6AEB-AECiAIBqAIDuAKKyufqBcACAQ&sid=dabdd6cdebcf7f7d9d7568e632f0f7af&all_sr_blocks=117194702_200271616_2_1_0&checkin=2019-08-23&checkout=2019-08-24&dest_id=-132645&dest_type=city&group_adults=2&group_children=0&hapos=18&highlighted_blocks=117194702_200271616_2_1_0&hpos=18&no_rooms=1&sr_order=popularity&srepoch=1566172439&srpvid=a709a80be83100a4&ucfs=1&from=searchresults ;highlight_room=#hotelTmpl"
"2540864","BOOKING_AVAIL","https://www.booking.com/hotel/it/relais-villa-fornari.html?aid=304142&label=gen173nr-1FCAEoggI46AdIM1gEaDuIAQGYATG4ARjIAQzYAQHoAQH4AQKIAgGoAgS4AsLF5-oFwAIB&sid=4e8e0d6f27e56c454e79b6c23ab9b19f&all_sr_blocks=23552301_88443277_0_1_0&checkin=2019-08-23&checkout=2019-08-24&dest_id=905&dest_type=region&hapos=519&highlighted_blocks=23552301_88443277_0_1_0&hpos=4&sr_order=popularity&srepoch=1566171962&srpvid=cc91a71df40400e5&ucfs=1&from=searchresults ;highlight_room=#hotelTmpl"
"1243624","BOOKING_INT","https://www.booking.com/hotel/it/hotelclubsantagnello.html?aid=304142&label=gen173nr-1FCAEoggI46AdIM1gEaKYCiAEBmAExuAEYyAEM2AEB6AEB-AECiAIBqAIEuAK0xefqBcACAQ&sid=3a16b714101880fbac78c61603d721bd&all_sr_blocks=8152102_199504674_0_1_0&checkin=2019-08-21&checkout=2019-08-22&dest_id=-110339&dest_type=city&hapos=658&highlighted_blocks=8152102_199504674_0_1_0&hpos=43&sr_order=popularity&srepoch=1566171920&srpvid=6b5fa708afcb0079&ucfs=1&from=searchresults ;highlight_room=;spdest=ci/-110339;spdist=#hotelTmpl"
"12362441","BOOKING_INT","https://www.booking.com/hotel/it/b-amp-b-il-ventaglio.html?aid=304142&label=gen173nr-1FCAEoggI46AdIM1gEaJUCiAEBmAExuAEXyAEP2AEB6AEB-AECiAIBqAIDuALexufqBcACAQ&sid=b60fd3100851549ef6610f5de5028380&all_sr_blocks=135121409_125394869_2_1_0&checkin=2019-08-22&checkout=2019-08-23&dest_id=907&dest_type=region&hapos=167&highlighted_blocks=135121409_125394869_2_1_0&hpos=52&nflt=class%3D0%3B&sr_order=popularity&srepoch=1566172051&srpvid=359fa7494a430002&ucfs=1&from=searchresults ;highlight_room=#hotelTmpl"
"8823124","BOOKING_INT","https://www.booking.com/hotel/it/alla-corte-delle-terme-resort.html?label=gen173nr-1FCAEoggI46AdIM1gEaJUCiAEBmAExuAEXyAEM2AEB6AEB-AECiAIBqAIDuAKKyufqBcACAQ&sid=dabdd6cdebcf7f7d9d7568e632f0f7af&all_sr_blocks=2433012_124338640_2_1_0&checkin=2019-08-23&checkout=2019-08-24&dest_id=-132645&dest_type=city&group_adults=2&group_children=0&hapos=2&highlighted_blocks=2433012_124338640_2_1_0&hpos=2&no_rooms=1&sr_order=popularity&srepoch=1566172439&srpvid=a709a80be83100a4&ucfs=1&from=searchresults ;highlight_room=#hotelTmpl"
"19712499","BOOKING_INT","https://www.booking.com/hotel/it/casa-vacanze-li-galli.html?aid=304142&label=gen173nr-1FCAEoggI46AdIM1gEaKYCiAEBmAExuAEYyAEM2AEB6AEB-AECiAIBqAIEuAK7yOfqBcACAQ&sid=9a67503e929455c00b38f36af7f81d7c&all_sr_blocks=62274503_85211896_5_0_0&checkin=2019-08-22&checkout=2019-08-23&dest_id=-110339&dest_type=city&hapos=669&highlighted_blocks=62274503_85211896_5_0_0&hpos=4&sr_order=popularity&srepoch=1566172328&srpvid=7c45a7d33a9900d4&ucfs=1&bhgwe_cep=1&from=searchresults ;highlight_room=;spdest=ci/-110339;spdist=;has_campaign_deals_getaway19_customer_label=1#hotelTmpl"
"4645143","XP_HK_V2","https://www.expedia.com.hk/go/hotel/search/pinned/4645143/2019-09-24/2019-09-25?tpid=18&NumAdult1=2&chid=0b510198-12b6-4ffb-a7a6-2adbb8562bd0&eapid=44327&NumRoom=1&mctc=6Â¤cy=JPY&langid=1033&NumNights=1"
"36175410","BOOKING_INT","https://www.booking.com/hotel/it/sunset-b-amp-b-pompei-pompei.html?aid=304142&label=gen173nr-1FCAEoggI46AdIM1gEaKYCiAEBmAExuAEYyAEM2AEB6AEB-AECiAIBqAIEuAK7yOfqBcACAQ&sid=9a67503e929455c00b38f36af7f81d7c&all_sr_blocks=368306802_171228169_2_1_0&checkin=2019-08-22&checkout=2019-08-23&dest_id=-110339&dest_type=city&hapos=588&highlighted_blocks=368306802_171228169_2_1_0&hpos=23&sr_order=popularity&srepoch=1566172315&srpvid=b5d3a7cd6d140095&ucfs=1&from=searchresults ;highlight_room=;spdest=ci/-110339;spdist=#hotelTmpl"
"4160085","BOOKING_AVAIL","https://www.booking.com/hotel/it/palace-civitanova-marche.html?aid=304142&label=gen173nr-1FCAEoggI46AdIM1gEaDuIAQGYATG4ARjIAQzYAQHoAQH4AQKIAgGoAgS4AsLF5-oFwAIB&sid=4e8e0d6f27e56c454e79b6c23ab9b19f&all_sr_blocks=28123603_200136708_0_1_0&checkin=2019-08-23&checkout=2019-08-24&dest_id=905&dest_type=region&hapos=63&highlighted_blocks=28123603_200136708_0_1_0&hpos=48&sr_order=popularity&srepoch=1566171867&srpvid=77b2a6ed13d700d1&ucfs=1&from=searchresults ;highlight_room=#hotelTmpl"
"22625659","BOOKING_INT","https://www.booking.com/hotel/it/domus-intra-montes-tramonti.html?aid=304142&label=gen173nr-1FCAEoggI46AdIM1gEaKYCiAEBmAExuAEYyAEM2AEB6AEB-AECiAIBqAIEuAK0xefqBcACAQ&sid=3a16b714101880fbac78c61603d721bd&all_sr_blocks=100272302_121563375_2_42_0&checkin=2019-08-21&checkout=2019-08-22&dest_id=-110339&dest_type=city&hapos=165&highlighted_blocks=100272302_121563375_2_42_0&hpos=50&sr_order=popularity&srepoch=1566171857&srpvid=abbea6e87f14005e&ucfs=1&bhgwe_cep=1&from=searchresults ;highlight_room=;spdest=ci/-110339;spdist=#hotelTmpl"
"32517343","BOOKING_AVAIL","https://www.booking.com/hotel/it/tuttaterra.html?aid=304142&label=gen173nr-1FCAEoggI46AdIM1gEaDuIAQGYATG4ARjIAQzYAQHoAQH4AQKIAgGoAgS4AsLF5-oFwAIB&sid=4e8e0d6f27e56c454e79b6c23ab9b19f&all_sr_blocks=60636402_194894011_2_1_0&checkin=2019-08-23&checkout=2019-08-24&dest_id=905&dest_type=region&hapos=591&highlighted_blocks=60636402_194894011_2_1_0&hpos=26&sr_order=popularity&srepoch=1566171973&srpvid=3b4ea722b5cd007c&ucfs=1&from=searchresults ;highlight_room=#hotelTmpl"
"38868070","BOOKING_INT","https://www.booking.com/hotel/it/coluni-sport-resort.html?aid=304142&label=gen173nr-1FCAEoggI46AdIM1gEaJUCiAEBmAExuAEXyAEP2AEB6AEB-AECiAIBqAIDuALexufqBcACAQ&sid=b60fd3100851549ef6610f5de5028380&all_sr_blocks=501114205_184969121_2_1_0&checkin=2019-08-22&checkout=2019-08-23&dest_id=907&dest_type=region&hapos=626&highlighted_blocks=501114205_184969121_2_1_0&hpos=11&nflt=class%3D0%3B&sr_order=popularity&srepoch=1566172125&srpvid=df1fa76e5f980060&ucfs=1&bhgwe_cep=1&from=searchresults ;highlight_room=#hotelTmpl"
"13113125","BOOKING_INT","https://www.booking.com/hotel/it/residence-parmigianino.html?aid=304142&label=gen173nr-1FCAEoggI46AdIM1gEaJUCiAEBmAExuAEXyAEP2AEB6AEB-AECiAIBqAIDuALfyOfqBcACAQ&sid=876db761fd9b1cbeaadf035b07da31ed&all_sr_blocks=195494001_195094419_2_2_0&checkin=2019-08-20&checkout=2019-08-21&dest_id=-111589&dest_type=city&hapos=144&highlighted_blocks=195494001_195094419_2_2_0&hpos=29&sr_order=popularity&srepoch=1566172290&srpvid=d7e6a7c1ab65010f&ucfs=1&from=searchresults ;highlight_room=;spdest=ci/-111589;spdist=#hotelTmpl"
"13161892","BOOKING_INT","https://www.booking.com/hotel/it/spiaggia-bella-resort-parco-del-rauccio.html?aid=304142&label=gen173nr-1FCAEoggI46AdIM1gEaJUCiAEBmAExuAEXyAEP2AEB6AEB-AECiAIBqAIDuALexufqBcACAQ&sid=b60fd3100851549ef6610f5de5028380&all_sr_blocks=132324302_94729725_3_34_0&checkin=2019-08-22&checkout=2019-08-23&dest_id=907&dest_type=region&hapos=4&highlighted_blocks=132324302_94729725_3_34_0&hpos=4&nflt=class%3D3%3B&sr_order=popularity&srepoch=1566172020&srpvid=f81fa73a0e0300b8&ucfs=1&from=searchresults ;highlight_room=#hotelTmpl"
"915379","BOOKING_INT","https://www.booking.com/hotel/it/hotelvillamaria.html?aid=304142&label=gen173nr-1FCAEoggI46AdIM1gEaKYCiAEBmAExuAEYyAEM2AEB6AEB-AECiAIBqAIEuAK7yOfqBcACAQ&sid=9a67503e929455c00b38f36af7f81d7c&all_sr_blocks=8026217_118160079_0_1_0&checkin=2019-08-22&checkout=2019-08-23&dest_id=-110339&dest_type=city&hapos=880&highlighted_blocks=8026217_118160079_0_1_0&hpos=15&sr_order=popularity&srepoch=1566172355&srpvid=8283a7e14fe4021e&ucfs=1&from=searchresults ;highlight_room=;spdest=ci/-110339;spdist=#hotelTmpl"
"2541953","BOOKING_INT","https://www.booking.com/hotel/it/villa-molinari.html?aid=304142&label=gen173nr-1FCAEoggI46AdIM1gEaJUCiAEBmAExuAEXyAEP2AEB6AEB-AECiAIBqAIDuALfyOfqBcACAQ&sid=876db761fd9b1cbeaadf035b07da31ed&all_sr_blocks=8499102_88159274_0_1_0&checkin=2019-08-20&checkout=2019-08-21&dest_id=-111589&dest_type=city&hapos=157&highlighted_blocks=8499102_88159274_0_1_0&hpos=42&sr_order=popularity&srepoch=1566172290&srpvid=d7e6a7c1ab65010f&ucfs=1&from=searchresults ;highlight_room=;spdest=ci/-111589;spdist=#hotelTmpl"
"2109942","BOOKING_INT","https://www.booking.com/hotel/it/sotto-le-cummerse.html?aid=304142&label=gen173nr-1FCAEoggI46AdIM1gEaJUCiAEBmAExuAEGyAEO2AEB6AEB-AECiAIBqAIDuAKNxufqBcACAQ&sid=1d1af1e9845a35156d77abdc78edaf97&all_sr_blocks=8870001_95784950_2_1_0&checkin=2019-08-21&checkout=2019-08-22&dest_id=-122100&dest_type=city&group_adults=2&group_children=0&hapos=219&highlighted_blocks=8870001_95784950_2_1_0&hpos=54&no_rooms=1&sr_order=popularity&srepoch=1566171953&srpvid=0ed6a7189bd40008&ucfs=1&bhgwe_cep=1&from=searchresults ;highlight_room=;spdest=ci/-122100;spdist=#hotelTmpl"
"4231365","BOOKING_AVAIL","https://www.booking.com/hotel/it/continental-pesaro.html?aid=304142&label=gen173nr-1FCAEoggI46AdIM1gEaDuIAQGYATG4ARjIAQzYAQHoAQH4AQKIAgGoAgS4AsLF5-oFwAIB&sid=4e8e0d6f27e56c454e79b6c23ab9b19f&all_sr_blocks=28234502_88452757_0_1_0&checkin=2019-08-23&checkout=2019-08-24&dest_id=905&dest_type=region&hapos=170&highlighted_blocks=28234502_88452757_0_1_0&hpos=5&sr_order=popularity&srepoch=1566171896&srpvid=4fcca6fbb34e00b3&ucfs=1&from=searchresults ;highlight_room=#hotelTmpl"
"9328764","BOOKING_INT","https://www.booking.com/hotel/it/masseria-don-luigi.html?aid=304142&label=gen173nr-1FCAEoggI46AdIM1gEaKYCiAEBmAExuAEYyAEP2AEB6AEB-AECiAIBqAIEuALDyefqBcACAQ&sid=9ef9303a0e8cec816abd30837ed2c3cc&all_sr_blocks=32308101_88456136_0_1_0&checkin=2019-08-22&checkout=2019-08-23&dest_id=-122100&dest_type=city&hapos=73&highlighted_blocks=32308101_88456136_0_1_0&hpos=8&sr_order=popularity&srepoch=1566172374&srpvid=3a9ba7eb36a70019&ucfs=1&from=searchresults ;highlight_room=;spdest=ci/-122100;spdist=#hotelTmpl"
"1858027","BOOKING_INT","https://www.booking.com/hotel/it/palace-vieste.html?aid=304142&label=gen173nr-1FCAEoggI46AdIM1gEaJUCiAEBmAExuAEXyAEP2AEB6AEB-AECiAIBqAIDuALexufqBcACAQ&sid=b60fd3100851549ef6610f5de5028380&all_sr_blocks=1735101_95142119_0_1_0&checkin=2019-08-22&checkout=2019-08-23&dest_id=907&dest_type=region&hapos=81&highlighted_blocks=1735101_95142119_0_1_0&hpos=16&nflt=class%3D4%3B&sr_order=popularity&srepoch=1566172044&srpvid=dcb7a74615230055&ucfs=1&from=searchresults ;highlight_room=#hotelTmpl"
"521317","BOOKING_INT","https://www.booking.com/hotel/it/toscanini.html?aid=304142&label=gen173nr-1FCAEoggI46AdIM1gEaJUCiAEBmAExuAEXyAEP2AEB6AEB-AECiAIBqAIDuALfyOfqBcACAQ&sid=876db761fd9b1cbeaadf035b07da31ed&all_sr_blocks=1969912_95144426_2_0_0&checkin=2019-08-20&checkout=2019-08-21&dest_id=-111589&dest_type=city&hapos=108&highlighted_blocks=1969912_95144426_2_0_0&hpos=43&sr_order=popularity&srepoch=1566172281&srpvid=726ca7bcdbaa00c3&ucfs=1&from=searchresults ;highlight_room=;spdest=ci/-111589;spdist=#hotelTmpl"
"20003496","BOOKING_INT","https://www.booking.com/hotel/it/aquae-romanae.html?aid=304142&label=gen173nr-1FCAEoggI46AdIM1gEaKYCiAEBmAExuAEYyAEM2AEB6AEB-AECiAIBqAIEuAK7yOfqBcACAQ&sid=9a67503e929455c00b38f36af7f81d7c&all_sr_blocks=232380701_102112741_2_1_0&checkin=2019-08-22&checkout=2019-08-23&dest_id=-110339&dest_type=city&hapos=907&highlighted_blocks=232380701_102112741_2_1_0&hpos=42&sr_order=popularity&srepoch=1566172355&srpvid=8283a7e14fe4021e&ucfs=1&from=searchresults ;highlight_room=;spdest=ci/-110339;spdist=#hotelTmpl"
"22558367","BOOKING_INT","https://www.booking.com/hotel/it/sottovento.html?aid=304142&label=gen173nr-1FCAEoggI46AdIM1gEaKYCiAEBmAExuAEYyAEM2AEB6AEB-AECiAIBqAIEuAK7yOfqBcACAQ&sid=9a67503e929455c00b38f36af7f81d7c&all_sr_blocks=180401501_190825841_2_1_0&checkin=2019-08-22&checkout=2019-08-23&dest_id=-110339&dest_type=city&hapos=320&highlighted_blocks=180401501_190825841_2_1_0&hpos=55&sr_order=popularity&srepoch=1566172271&srpvid=e396a7b7b56b00d7&ucfs=1&from=searchresults ;highlight_room=;spdest=ci/-110339;spdist=#hotelTmpl"
"32135708","BOOKING_INT","https://www.booking.com/hotel/it/compasso-suites.html?aid=304142&label=gen173nr-1FCAEoggI46AdIM1gEaJUCiAEBmAExuAEGyAEO2AEB6AEB-AECiAIBqAIDuALIyefqBcACAQ&sid=5f350f7cd26d7a5c9ce2bd3aa1734606&all_sr_blocks=407304801_194669494_2_1_0&checkin=2019-08-21&checkout=2019-08-22&dest_id=-132645&dest_type=city&hapos=57&highlighted_blocks=407304801_194669494_2_1_0&hpos=42&sr_order=popularity&srepoch=1566172379&srpvid=41b0a7ed750600ee&ucfs=1&from=searchresults ;highlight_room=#hotelTmpl"
"2542863","BOOKING_INT","https://www.booking.com/hotel/it/m-e-c.html?aid=304142&label=gen173nr-1FCAEoggI46AdIM1gEaKYCiAEBmAExuAEYyAEM2AEB6AEB-AECiAIBqAIEuAK7yOfqBcACAQ&sid=9a67503e929455c00b38f36af7f81d7c&all_sr_blocks=8424601_167572706_0_41_0&checkin=2019-08-22&checkout=2019-08-23&dest_id=-110339&dest_type=city&hapos=685&highlighted_blocks=8424601_167572706_0_41_0&hpos=20&sr_order=popularity&srepoch=1566172328&srpvid=7c45a7d33a9900d4&ucfs=1&from=searchresults ;highlight_room=;spdest=ci/-110339;spdist=#hotelTmpl"
"9677716","BOOKING_AVAIL","https://www.booking.com/hotel/it/seeport.html?aid=304142&label=gen173nr-1FCAEoggI46AdIM1gEaDuIAQGYATG4ARjIAQzYAQHoAQH4AQKIAgGoAgS4AsLF5-oFwAIB&sid=4e8e0d6f27e56c454e79b6c23ab9b19f&all_sr_blocks=123043106_146997043_0_41_0&checkin=2019-08-23&checkout=2019-08-24&dest_id=905&dest_type=region&hapos=220&highlighted_blocks=123043106_146997043_0_41_0&hpos=5&sr_order=popularity&srepoch=1566171905&srpvid=9076a7004eaf0324&ucfs=1&from=searchresults ;highlight_room=#hotelTmpl"
"1467944","BOOKING_INT","https://www.booking.com/hotel/it/tenuta-monacelle.html?aid=304142&label=gen173nr-1FCAEoggI46AdIM1gEaJUCiAEBmAExuAEGyAEO2AEB6AEB-AECiAIBqAIDuAKNxufqBcACAQ&sid=1d1af1e9845a35156d77abdc78edaf97&all_sr_blocks=8376301_88437267_0_1_0&checkin=2019-08-21&checkout=2019-08-22&dest_id=-122100&dest_type=city&group_adults=2&group_children=0&hapos=85&highlighted_blocks=8376301_88437267_0_1_0&hpos=20&no_rooms=1&sr_order=popularity&srepoch=1566171941&srpvid=4daca712947d011d&ucfs=1&from=searchresults ;highlight_room=;spdest=ci/-122100;spdist=#hotelTmpl"
"23171729","BOOKING_INT","https://www.booking.com/hotel/it/diecisedici.html?label=gen173nr-1FCAEoggI46AdIM1gEaKYCiAEBmAExuAEYyAEM2AEB6AEB-AECiAIBqAIEuAK0xefqBcACAQ&sid=3a16b714101880fbac78c61603d721bd&all_sr_blocks=129380303_88478454_2_2_0&checkin=2019-08-21&checkout=2019-08-22&dest_id=-110339&dest_type=city&hapos=9&highlighted_blocks=129380303_88478454_2_2_0&hpos=9&sr_order=popularity&srepoch=1566171838&srpvid=c674a6df7da0001a&ucfs=1&from=searchresults ;highlight_room=#hotelTmpl"
"11083791","BOOKING_INT","https://www.booking.com/hotel/it/b-amp-b-la-cattedrale-suite.html?aid=304142&label=gen173nr-1FCAEoggI46AdIM1gEaJUCiAEBmAExuAEXyAEP2AEB6AEB-AECiAIBqAIDuALexufqBcACAQ&sid=b60fd3100851549ef6610f5de5028380&all_sr_blocks=84260301_200199350_2_1_0&checkin=2019-08-22&checkout=2019-08-23&dest_id=907&dest_type=region&hapos=99&highlighted_blocks=84260301_200199350_2_1_0&hpos=34&nflt=class%3D3%3B&sr_order=popularity&srepoch=1566172048&srpvid=f06aa747da800172&ucfs=1&bhgwe_cep=1&from=searchresults ;highlight_room=#hotelTmpl"